1.0 : Ishmael, Brittany = Ishmael, Brittany|brittany.ishmael@cfisd.net|English|English I|http://www.epsilen.com/bishmael1
1.0 : Chumley, Doug = Chumley, Doug|douglas.chumley@cfisd.net|English|English I|http://www.epsilen.com/dchumley3
1.0 : English, Debbie = English, Debbie|debra.english@cfisd.net|English|English II|http://www.epsilen.com/denglish8
1.0 : Nelson, Laurie = Nelson, Laurie|leslye.nelson@cfisd.net|English|English IV|http://www.epsilen.com/lnelson35
1.0 : England, Stephanie = England, Stephanie|stephanie.england@cfisd.net|English|PACE/Reading/PLATO|http://www.epsilen.com/stephanieen
1.0 : Dodd, Jill = Dodd, Jill|donna.dodd@cfisd.net|English|PACE/Reading/PLATO|http://www.epsilen.com/donnadodd
1.0 : Martin, Heath = Martin, Heath|canita.lee@cfisd.net|English|PACE/Reading/PLATO|http://www.epsilen.com/christonmar
1.0 : Sandefur, Rusty = Sandefur, Rusty|james.sandefur@cfisd.net|Social Studies|World Geography|http://cwhg.wikispaces.com/
1.0 : Turnbow, Chris = Turnbow, Chris|christopher.turnbow@cfisd.net|Social Studies|World Geography|http://www.epsilen.com/christopher243
1.0 : Elizarde, Jesse = Elizarde, Jesse|jesse.elizarde@cfisd.net|Social Studies|World Geography|http://www.epsilen.com/jelizard2
1.0 : Bricarell, Brandon = Bricarell, Brandon|brandon.bricarell@cfisd.net|Social Studies|World Geography|http://www.epsilen.com/bbricare
1.0 : Villamagna, George = Villamagna, George|george.villamagna@cfisd.net|Social Studies|US History|http://www.villamagna.wikispaces.com/
1.0 : Wilson, Mike = Wilson, Mike|michael.wilson@cfisd.net|Social Studies|US History|http://cwush.wikispaces.com/
1.0 : Wittschen, Kevin = Wittschen, Kevin|kevin.wittschen@cfisd.net|Social Studies|US History|http://www.epsilen.com/kwittsch
1.0 : Loria, Thomas = Loria, Thomas|thomas.loria@cfisd.net|Social Studies|US History|http://cwush.wikispaces.com/
1.0 : Tate, Emily = Tate, Emily|emily.tate@cfisd.net|Social Studies|Government/Economics|http://www.epsilen.com/emilyrowan
1.0 : White, Mike = White, Mike|michael.white@cfisd.net|Social Studies|Government/Economics|http://www.epsilen.com/michaelwhit6
1.0 : Vance, James = Vance, James|thomas.vance@cfisd.net|Social Studies|Government/Economics|http://www.epsilen.com/thomasvance
1.0 : Cameron, Laura = Cameron, Laura|laura.cameron@cfisd.net|Math|Geometry|http://www.epsilen.com/lcameron7
1.0 : Gorman, Ann Marie = Gorman, Ann Marie|annmarie.gorman@cfisd.net|Math|Algebra II|http://www.epsilen.com/annmariegor
1.0 : Wong, John = Wong, John|chi.wong@cfisd.net|Math|Pre/Calculus, College Algebra|http://www.epsilen.com/chiwong
1.0 : Chang, Ti = Chang, Ti|TUONGTRANG.CHANG@cfisd.net|Math|Pre/Calculus, College Algebra|http://www.epsilen.com/tuongtrangc
1.0 : Chaya, Bob = Chaya, Bob|robert.chaya@cfisd.net|Science|Physics|http://www.epsilen.com/robertchaya
1.0 : Bryant, Edward = Bryant, Edward|edward.bryant@cfisd.net|ROTC|ROTC|http://www.epsilen.com/edwardbryan
1.0 : Martinez, Ramona = Martinez, Ramona|ramona.martinez@cfisd.net|Foreign Language|Spanish|http://www.epsilen.com/rmartine34
1.0 : Tolkov, Sonia = Tolkov, Sonia|sonia.tolkov@cfisd.net|Foreign Language|Spanish|http://www.epsilen.com/stolkov
1.0 : Draudt, Chris = Draudt, Chris|michael.draudt@cfisd.net|PE & Health|Physical Education|http://www.epsilen.com/michaeldrau
1.0 : Zachos, Mike = Zachos, Mike|michael.zachos@cfisd.net|PE & Health|Health|http://www.epsilen.com/MyPortal/Public/Home.aspx?http://www.epsilen.com/michaelzach
1.0 : Zarate, Greg = Zarate, Greg|gregory.zarate@cfisd.net|PE & Health|Health|http://www.epsilen.com/gregoryzara
1.0 : Paysse, Abigail = Paysse, Abigail|abigail.paysse@cfisd.net|Visual Arts|Journalism|http://www.epsilen.com/abigailpays
1.0 : Parisher, Roddy = Parisher, Roddy|roddy.parisher@cfisd.net|Career & Tech|AG|http://www.epsilen.com/rodneyparis
1.0 : Bennett, Mike = Bennett, Mike|donald.bennett@cfisd.net|Career & Tech|Tech|http://www.epsilen.com/donaldbenne
1.0 : Dailey, Maggie = Dailey, Maggie|margaret.dailey@cfisd.net|Career & Tech|Career|http://www.epsilen.com/margaretdai
1.0 : Mayer, Lulu = Mayer, Lulu|LUPITA.MAYER@cfisd.net|Special Ed|Special Ed|http://www.epsilen.com/lupitamayer
0.9285714285714286 : Marsh, MaryBeth = Marsh, Marybeth|marybeth.marsh@cfisd.net|Career & Tech|Career|http://www.epsilen.com/marybethmar
0.9090909090909091 : Schlarmann, Elizabeth = Schlarmann, Elizabeth A|elizabeth.schlarmann@cfisd.net|English|English IV|http://www.epsilen.com/elizabethsc4
0.9090909090909091 : Abercrombie, Kathleen = Abercrombie, Kathleen M|kathleen.abercrombie@cfisd.net|Social Studies|World History|http://www.epsilen.com/kathleenabe1
0.9 : Beckford, Sophronia = Beckford, Sophronia D|sophronia.beckford@cfisd.net|English|English II|http://www.epsilen.com/sbeckfor
0.9 : Fleming-Jones, Karla = Fleming-Jones, Karla M|karla.fleming-jones@cfisd.net|English|English III|http://www.epsilen.com/karlaflemin
0.9 : Lancaster, Kimberly = Lancaster, Kimberly D|kimberly.lancaster@cfisd.net|English|English III|http://www.epsilen.com/klancast2
0.9 : Grumulaitis, Leonas = Grumulaitis, Leonas G|leonas.grumulaitis@cfisd.net|Science|Physics|http://www.epsilen.com/lgrumula
0.9 : Bond, Clif = Bond, Cliff|clifton.bond@cfisd.net|Technology|Technology|http://www.epsilen.com/cliftonbond
0.9 : Burttschell, Ashtyn = Burttschell, Ashtyn N|ashtyn.burttschell@cfisd.net|Performing Arts|Dance|http://www.epsilen.com/aburttsc1
0.9 : Schmitzer, Julianne = Schmitzer, Julianne E|julianne.schmitzer@cfisd.net|Special Ed|Special Ed|http://www.epsilen.com/jschmitz11
0.9 : Richardson, Monique = Richardson, Monique Y|monique.richardson@cfisd.net|Special Ed|Special Ed|http://www.epsilen.com/mrichard28
0.9 : Jones-Thomas, Tahtia = Jones-Thomas, Tahtia V|tahtia.jonesthomas@cfisd.net|Special Ed|Special Ed|http://www.epsilen.com/tahtiajones
0.8947368421052632 : Laskowski, Eugenia = Laskowski, Eugenia G|eugenia.laskowski@cfisd.net|Math|Algebra I|http://www.epsilen.com/eugenialask
0.8947368421052632 : Rosenbaum, Lindsey = Rosenbaum, Lindsey N|lindsey.rosenbaum@cfisd.net|Math|Algebra I|http://www.epsilen.com/lindseyrose
0.8947368421052632 : Bourgeois, Deborah = Bourgeois, Deborah L|deborah2.bourgeois@cfisd.net|Math|Pre/Calculus, College Algebra|http://www.epsilen.com/deborah2bou
0.8947368421052632 : Romanelli, Crystal = Romanelli, Crystal E|crystal.romanelli@cfisd.net|Science|Electives|http://www.epsilen.com/cromanel
0.8947368421052632 : Lausell, Christian = Lausell, Christian M|christian.lausell@cfisd.net|Visual Arts|Art|http://www.epsilen.com/christianla
0.8947368421052632 : Vander Hey, Ashley = Vander Hey, Ashley M|ashley.vanderhey@cfisd.net|Special Ed|Special Ed|http://www.epsilen.com/avanderh
0.8888888888888888 : Grigsby, Courtnie = Grigsby, Courtnie Y|courtnie.grigsby@cfisd.net|English|PACE/Reading/PLATO|http://www.epsilen.com/courtniegri
0.8888888888888888 : Schroller, Wesley = Schroller, Wesley G|wesley.schroller@cfisd.net|Social Studies|Government/Economics|http://www.epsilen.com/wesleyschro
0.8888888888888888 : Carter, Catherine = Carter, Catherine L|catherine.carter@cfisd.net|Math|Algebra I|http://www.epsilen.com/catherineca1
0.8888888888888888 : Jenkins, Courtney = Jenkins, Courtney M|courtney.jenkins@cfisd.net|Math|Geometry|http://www.epsilen.com/cjenkins82
0.8888888888888888 : Turnbow, Jennifer = Turnbow, Jennifer A|jennifer.turnbow@cfisd.net|Science|Chemistry|http://www.epsilen.com/jennifertur2
0.8888888888888888 : Felchak, Cristina = Felchak, Cristina M|cristina.felchak@cfisd.net|Science|Electives|http://www.epsilen.com/cristinafel
0.8888888888888888 : Ahlfinger, Ashley = Ahlfinger, Ashley A|ashley.ahlfinger@cfisd.net|PE & Health|Physical Education|http://www.epsilen.com/ashleyahlfi
0.8888888888888888 : Romanelli, Marcus = Romanelli, Marcus A|marcus.romanelli@cfisd.net|PE & Health|Health|http://www.epsilen.com/marcusroman
0.8888888888888888 : Armstrong, Stacey = Armstrong, Stacey W|stacey.armstrong@cfisd.net|Technology|Technology|http://www.epsilen.com/staceyarmst
0.8888888888888888 : Stuart, Charlotte = Stuart, Charlotte K|charlotte.stuart@cfisd.net|Visual Arts|Art|http://www.epsilen.com/charlottest
0.8888888888888888 : Campion, Victoria = Campion, Victoria M|victoria.campion@cfisd.net|Performing Arts|Orchestra|http://www.epsilen.com/victoriacam
0.8888888888888888 : Hermann, Jennifer = Hermann, Jennifer F|jennifer.hermann@cfisd.net|Performing Arts|Orchestra|http://www.epsilen.com/jenniferher4
0.8823529411764706 : Underwood, Traci = Underwood, Traci M|traci.underwood@cfisd.net|English|English I|http://www.epsilen.com/traciunderw
0.8823529411764706 : Flores, Virginia = Flores, Virginia V|virginia.flores@cfisd.net|English|English IV|http://www.epsilen.com/virginiaflo
0.8823529411764706 : Comeaux, Michele = Comeaux, Michele L|michele.comeaux@cfisd.net|English|PACE/Reading/PLATO|http://www.epsilen.com/michelecome
0.8823529411764706 : Gillihan, Amanda = Gillihan, Amanda C|amanda.gillihan@cfisd.net|Social Studies|World History|http://www.epsilen.com/agilliha
0.8823529411764706 : Schlarmann, Eric = Schlarmann, Eric C|eric.schlarmann@cfisd.net|Social Studies|World History|http://www.epsilen.com/ericschlarm
0.8823529411764706 : Forness, Melanie = Forness, Melanie K|melanie.forness@cfisd.net|Math|Pre/Calculus, College Algebra|http://www.epsilen.com/mfurnia
0.8823529411764706 : Edwards, Stephen = Edwards, Stephen L|stephen.edwards@cfisd.net|Science|Biology|http://www.epsilen.com/stephenedwa
0.8823529411764706 : Olson, Elizabeth = Olson, Elizabeth M|elizabeth.olson@cfisd.net|Science|Biology|http://www.epsilen.com/elizabethol
0.8823529411764706 : Shadoan, Shannon = Shadoan, Shannon G|shannon.shadoan@cfisd.net|Science|Chemistry|http://www.epsilen.com/sgshadoan
0.8823529411764706 : Kraemer, Timothy = Kraemer, Timothy J|timothy.kraemer@cfisd.net|Science|Physics|http://www.epsilen.com/timothykrae
0.8823529411764706 : Casillas, Cinjin = Casillas, Cinjin L|cinjin.casillas@cfisd.net|Performing Arts|Band|undefined
0.8823529411764706 : Allbritton, John = Allbritton, John W|john.allbritton@cfisd.net|Career & Tech|AG|http://www.epsilen.com/johnallbrit
0.8823529411764706 : Crowder, Beverly = Crowder, Beverly J|beverly.crowder@cfisd.net|Special Ed|Special Ed|http://www.epsilen.com/beverlycrow
0.875 : Phillips, Mitzi = Phillips, Mitzi A|mitzi.phillips@cfisd.net|English|English I|http://www.epsilen.com/mitziphilli
0.875 : Streb, Jonathan = Streb, Jonathan A|jonathan.streb@cfisd.net|English|English I|http://www.epsilen.com/jstreb
0.875 : Sempe, Jennifer = Sempe, Jennifer G|jennifer.sempe@cfisd.net|English|English IV|http://www.epsilen.com/jgriswol
0.875 : Nichols, Justin = Nichols, Justin L|justin.nichols@cfisd.net|Social Studies|World Geography|http://www.epsilen.com/justinnicho1
0.875 : Kolkhorst, Todd = Kolkhorst, Todd A|todd.kolkhorst@cfisd.net|Social Studies|World Geography|http://www.epsilen.com/tkolkhor
0.875 : Onhaizer, Kelly = Onhaizer, Kelly L|kelly.onhaizer@cfisd.net|Social Studies|World History|http://www.epsilen.com/kellyonhaiz
0.875 : Stephanow, Leah = Stephanow, Leah D|leah.stephanow@cfisd.net|Social Studies|Government/Economics|http://www.epsilen.com/leahstephan
0.875 : Weeks, Jennifer = Weeks, Jennifer L|jennifer.weeks@cfisd.net|Math|Geometry|http://www.epsilen.com/jenniferwee1
0.875 : Rivard, Rebecca = Rivard, Rebecca S|rebecca.rivard@cfisd.net|Math|Pre/Calculus, College Algebra|http://www.epsilen.com/rebeccariva
0.875 : Carson, Caitlin = Carson, Caitlin E|caitlin.carson@cfisd.net|Science|Biology|http://www.epsilen.com/ccarson25
0.875 : Tillman, Carrie = Tillman, Carrie A|carrie.tillman@cfisd.net|Science|Chemistry|http://www.epsilen.com/carrietillm
0.875 : Johnson, Esther = Johnson, Esther R|esther.johnson@cfisd.net|Science|Physics|http://www.epsilen.com/ejohnson95
0.875 : Ferrer, Lalaine = Ferrer, Lalaine P|lalaine.ferrer@cfisd.net|Science|Electives|http://www.epsilen.com/lalaineferr
0.875 : Alvarez, Bertha = Alvarez, Bertha D|bertha.alvarez@cfisd.net|Foreign Language|Spanish|http://www.epsilen.com/balvarez16
0.875 : Whitmore, James = Whitmore, James J|james.whitmore@cfisd.net|Technology|Technology|http://www.epsilen.com/jameswhitmo
0.875 : Lusk, Henrietta = Lusk, Henrietta K|henrietta.lusk@cfisd.net|Performing Arts|Choir|http://www.epsilen.com/hlusk
0.875 : Billimek, Karen = Billimek, Karen M|karen.billimek@cfisd.net|Career & Tech|Career|http://www.epsilen.com/karenbillim
0.875 : Salinas, Moises = Salinas, Moises E|moises.salinas@cfisd.net|Special Ed|Special Ed|http://www.epsilen.com/msalinas37
0.875 : Wakeford, Nancy = Wakeford, Nancy J|nancy.wakeford@cfisd.net|Special Ed|Special Ed|http://www.epsilen.com/nancywakefo
0.8666666666666667 : Leonard, Stacy = Leonard, Stacy L|stacy.leonard@cfisd.net|English|English I|http://www.epsilen.com/stacyleonar
0.8666666666666667 : Hill, Rochelle = Hill, Rochelle E|rochelle.hill@cfisd.net|English|English II|http://www.epsilen.com/rhill20
0.8666666666666667 : Decman, Jordan = Decman, Jordan K|jordan.decman@cfisd.net|English|English III|undefined
0.8666666666666667 : Watkins, Alana = Watkins, Alana R|alana.watkins@cfisd.net|English|English IV|http://www.epsilen.com/alanawatkin
0.8666666666666667 : Lokey, Katrese = Lokey, Katrese M|katrese.lokey@cfisd.net|Social Studies|World History|http://www.epsilen.com/klokey1
0.8666666666666667 : Collins, Lynda = Collins, Lynda K|lynda.collins@cfisd.net|Social Studies|Government/Economics|http://www.epsilen.com/lyndacollin
0.8666666666666667 : Prieto, Kellie = Prieto, Kellie E|kellie.prieto@cfisd.net|Math|Geometry|http://www.epsilen.com/kprieto3
0.8666666666666667 : Hunt, Brittany = Hunt, Brittany E|brittany.hunt@cfisd.net|Math|Algebra II|http://www.epsilen.com/bhunt20
0.8666666666666667 : Browning, Rita = Browning, Rita D|rita.browning@cfisd.net|Math|Algebra II|http://www.epsilen.com/ritabrownin
0.8666666666666667 : Hughes, Ashley = Hughes, Ashley M|ashley.hughes@cfisd.net|Math|Pre/Calculus, College Algebra|http://www.epsilen.com/ashleyhubbl
0.8666666666666667 : Sanchez, Anita = Sanchez, Anita K|anita.sanchez@cfisd.net|Math|Pre/Calculus, College Algebra|http://www.epsilen.com/anitasanche
0.8666666666666667 : Cantu, Analisa = Cantu, Analisa I|analisa.cantu@cfisd.net|Science|Biology|http://www.epsilen.com/analisacant
0.8666666666666667 : Thornton, Mary = Thornton, Mary C|mary2.thornton@cfisd.net|Science|Biology|http://www.epsilen.com/mary2thornt
0.8666666666666667 : Draudt, Elaine = Draudt, Elaine M|elaine.draudt@cfisd.net|Science|Physics|http://www.epsilen.com/elainedanna
0.8666666666666667 : Johns, Barbara = Johns, Barbara K|barbara.johns@cfisd.net|Foreign Language|Foreign Language|http://www.epsilen.com/barbarajohn2
0.8666666666666667 : Praget, Martha = Praget, Martha P|martha.praget@cfisd.net|Foreign Language|Spanish|http://www.epsilen.com/marthaprage
0.8666666666666667 : Crumedy, Andre = Crumedy, Andre J|andre.crumedy@cfisd.net|PE & Health|Health|http://www.epsilen.com/acrumedy
0.8666666666666667 : Walker, Janice = Walker, Janice A|janice.walker@cfisd.net|Technology|Technology|http://www.epsilen.com/janicewalke
0.8666666666666667 : Reilly, Lauren = Reilly, Lauren M|lauren.reilly@cfisd.net|Performing Arts|Dance|http://www.epsilen.com/lreilly2
0.8666666666666667 : Thayer, Stacey = Thayer, Stacey M|stacey.thayer@cfisd.net|Career & Tech|Career|http://www.epsilen.com/staceythaye
0.8666666666666667 : Johnson, David = Johnson, David L|david.johnson@cfisd.net|Career & Tech|Career|http://www.epsilen.com/davidjohnso4
0.8666666666666667 : Voelkel, Lance = Voelkel, Lance R|lance.voelkel@cfisd.net|Special Ed|Special Ed|http://www.epsilen.com/lancevoelke
0.8666666666666667 : Gunter, Alicia = Gunter, Alicia C|alicia.gunter@cfisd.net|Special Ed|Special Ed|http://www.epsilen.com/aliciagunte
0.8666666666666667 : Hester, George = Hester, George R|george.hester@cfisd.net|Special Ed|Special Ed|http://www.epsilen.com/ghester
0.8571428571428571 : Getman, Nancy = Getman, Nancy A|nancy.getman@cfisd.net|English|English II|http://www.epsilen.com/ngetman
0.8571428571428571 : Bell, Beverly = Bell, Beverly A|beverly.bell@cfisd.net|English|English IV|http://www.epsilen.com/bbell25
0.8571428571428571 : Rogers, Diana = Rogers, Diana I|diana.rogers@cfisd.net|Social Studies|US History|http://www.epsilen.com/dianarogers
0.8571428571428571 : Porter, Jason = Porter, Jason H|jason.porter@cfisd.net|Social Studies|Government/Economics|http://www.epsilen.com/jasonporter
0.8571428571428571 : Hannah, Stacy = Hannah, Stacy L|stacy.hannah@cfisd.net|Math|Geometry|http://www.epsilen.com/shannah2
0.8571428571428571 : Trocquet, Amy = Trocquet, Amy W|amy.trocquet@cfisd.net|Math|Algebra II|http://www.epsilen.com/amytrocquet
0.8571428571428571 : Salinas, Irma = Salinas, Irma I|irma.salinas@cfisd.net|Science|Chemistry|http://www.epsilen.com/irmasalinas
0.8571428571428571 : Amadio, David = Amadio, David M|david.amadio@cfisd.net|Science|Physics|http://www.epsilen.com/davidamadio
0.8571428571428571 : Lauver, Aaron = Lauver, Aaron D|aaron.lauver@cfisd.net|Science|Physics|undefined
0.8571428571428571 : Harvey, Penny = Harvey, Penny M|penny.harvey@cfisd.net|Foreign Language|Foreign Language|undefined
0.8571428571428571 : Perez, Ileana = Perez, Ileana B|ileana.perez2@cfisd.net|Foreign Language|Spanish|undefined
0.8571428571428571 : Neill, Curtis = Neill, Curtis W|curtis.neill@cfisd.net|PE & Health|Physical Education|http://www.epsilen.com/curtisneill
0.8571428571428571 : Austin, Cathy = Austin, Cathy L|cathy.austin@cfisd.net|Technology|Technology|http://www.epsilen.com/cathyaustin
0.8571428571428571 : Andrade, Lori = Andrade, Lori L|lori.andrade@cfisd.net|Technology|Technology|http://www.epsilen.com/loriandrade
0.8571428571428571 : Guevara, Juan = Guevara, Juan R|juan.guevara@cfisd.net|Visual Arts|Photo|http://www.epsilen.com/jguevara19
0.8571428571428571 : Clark, Brenda = Clark, Brenda J|brenda.clark@cfisd.net|Visual Arts|Professional Communication|http://www.epsilen.com/brendaclark
0.8571428571428571 : Womack, Jason = Womack, Jason W|jason.womack@cfisd.net|Performing Arts|Choir|http://www.epsilen.com/jasonwomack
0.8571428571428571 : Tallon, Sonia = Tallon, Sonia B|sonia.tallon@cfisd.net|Special Ed|Special Ed|http://www.epsilen.com/soniatallon
0.8461538461538461 : Toliver, Amy = Toliver, Amy L|amy.toliver@cfisd.net|English|English II|http://www.epsilen.com/atoliver3
0.8461538461538461 : Hall, Lorrie = Hall, Lorrie J|lorrie.hall@cfisd.net|English|English III|http://www.epsilen.com/lorriehall
0.8461538461538461 : Jones, Sarah = Jones, Sarah C|sarah.jones@cfisd.net|Social Studies|World History|http://www.epsilen.com/sjones239
0.8461538461538461 : Wilson, Mary = Wilson, Mary J|mary.wilson@cfisd.net|Science|Chemistry|undefined
0.8461538461538461 : Ewing, Wanda = Ewing, Wanda L|wanda.ewing@cfisd.net|ROTC|ROTC|http://www.epsilen.com/wandaewing
0.8461538461538461 : Berry, David = Berry, David R|david.berry@cfisd.net|Career & Tech|Tech|http://www.epsilen.com/davidberry
0.8461538461538461 : Whinery, Sue = Whinery, Sue A|sue.whinery@cfisd.net|Career & Tech|Career|http://www.epsilen.com/suewhinery
0.8333333333333334 : Hill, Nancy = Hill, Nancy J|nancy.hill@cfisd.net|English|English II|http://www.epsilen.com/nancyhill2
0.8333333333333334 : Self, Nikki = Self, Nikki L|nikki.self@cfisd.net|English|PACE/Reading/PLATO|http://www.epsilen.com/nikkiself
0.8333333333333334 : Self, Craig = Self, Craig N|craig.self@cfisd.net|Social Studies|US History|http://www.epsilen.com/craigself
0.8333333333333334 : Stone, Lisa = Stone, Lisa M|lisa.stone@cfisd.net|Math|Algebra II|http://www.epsilen.com/lisastone
0.8333333333333334 : Taylor, Amy = Taylor, Amy E|amy.taylor@cfisd.net|Science|Biology|http://www.epsilen.com/ataylor92
0.8333333333333334 : Ruiz, Aimee = Ruiz, Aimee M|aimee.ruiz@cfisd.net|Foreign Language|Spanish|http://www.epsilen.com/aimeeruiz
0.8333333333333334 : Drake, Toby = Drake, Toby G|toby.drake@cfisd.net|Visual Arts|Theater|http://www.epsilen.com/tdrake6
0.8333333333333334 : Wood, Kevin = Wood, Kevin G|kevin.wood@cfisd.net|Performing Arts|Band|http://www.epsilen.com/kevinwood
0.8333333333333334 : Fox, Thomas = Fox, Thomas E|thomas.fox@cfisd.net|Special Ed|Special Ed|http://www.epsilen.com/thomasfox
0.8333333333333334 : Baron, Chad = Baron, Chad D|chad.baron@cfisd.net|Special Ed|Special Ed|http://www.epsilen.com/chadbaron
0.8181818181818182 : King, Tina = King, Tina M|tina.king@cfisd.net|English|English III|http://www.epsilen.com/tinaking
0.8181818181818182 : Kent, John = Kent, John E|john.kent@cfisd.net|Social Studies|World Geography|http://www.epsilen.com/johnkent1
0.8181818181818182 : Owens, Joe = Owens, Joe D|joe.owens@cfisd.net|Math|Geometry|http://www.epsilen.com/joeowens
0.8181818181818182 : Lane, Kade = Lane, Kade K|kade.lane@cfisd.net|Math|Pre/Calculus, College Algebra|http://www.epsilen.com/kadelane
0.8181818181818182 : Bartz, Jay = Bartz, Jay M|jay.bartz@cfisd.net|Science|Biology|http://www.epsilen.com/jaybartz
0.8181818181818182 : Hall, Ryan = Hall, Ryan W|ryan.hall@cfisd.net|Science|Chemistry|http://www.epsilen.com/ryanhall
0.8181818181818182 : Nutt, Ryan = Nutt, Ryan C|ryan.nutt@cfisd.net|Technology|Technology|http://www.epsilen.com/ryannutt
0.8181818181818182 : Hunt, Tami = Hunt, Tami M|tami.hunt@cfisd.net|Career & Tech|Career|http://www.epsilen.com/tamihunt
0.8 : Tannous, Candy = Tannous, Candace|candace.tannous@cfisd.net|English|English III|http://www.epsilen.com/candacetann
0.8 : Fox, Tina = Fox, Tina M|tina.fox@cfisd.net|Visual Arts|Photo|http://www.epsilen.com/tinafox
0.8 : Vasquez, Mickey = Vasquez, Michael|michael.vasquez@cfisd.net|Performing Arts|Band|http://www.epsilen.com/michaelvasq
0.7857142857142857 : Puckett, Pam = Puckett, Pamela|pamela.puckett@cfisd.net|Math|Pre/Calculus, College Algebra|http://www.epsilen.com/pamelapucke
0.7333333333333333 : Estelle, Tim = Estelle, Timothy|timothy.estelle@cfisd.net|Visual Arts|Theater|http://www.epsilen.com/timothyeste
0.7272727272727273 : Whitson, Katie = Wilson, Mike|michael.wilson@cfisd.net|Foreign Language|Spanish|http://cwush.wikispaces.com/
0.6923076923076923 : Divin, Barbara = Johns, Barbara|barbara.johns@cfisd.net|Foreign Language|Foreign Language|http://www.myteacherpages.com/webpages/Latin
0.6666666666666666 : Forcha, Chris = Draudt, Chris|michael.draudt@cfisd.net|Math|Algebra II|http://www.epsilen.com/michaeldrau
0.6666666666666666 : Day, Nathan = Day, Nathaniel D|nathaniel.day@cfisd.net|PE & Health|Health|http://www.epsilen.com/MyPortal/Private/Master/Index.aspx?HD=t8f7yhcDdxQ=&UD=+uTtBfnInNI=&WD=4MUhihj
0.6470588235294118 : Pease, Chris = Pease, Christian R|christian.pease@cfisd.net|Special Ed|Special Ed|http://www.epsilen.com/cpease4
0.6 : Farzian, Alyssa = Farzian, Kerry A|kerry.farzian@cfisd.net|Career & Tech|Career|undefined
