1.0 : Tallon, Sonia = Tallon, Sonia|sonia.tallon@cfisd.net|Special Ed|Special Ed|http://www.epsilen.com/soniatallon
1.0 : Hester, George = Hester, George|george.hester@cfisd.net|Special Ed|Special Ed|http://www.epsilen.com/ghester
1.0 : Crowder, Beverly = Crowder, Beverly|beverly.crowder@cfisd.net|Special Ed|Special Ed|http://www.epsilen.com/beverlycrow
1.0 : Jones-Thomas, Tahtia = Jones-Thomas, Tahtia|tahtia.jonesthomas@cfisd.net|Special Ed|Special Ed|http://www.epsilen.com/tahtiajones
1.0 : Wakeford, Nancy = Wakeford, Nancy|nancy.wakeford@cfisd.net|Special Ed|Special Ed|http://www.epsilen.com/nancywakefo
1.0 : Salinas, Moises = Salinas, Moises|moises.salinas@cfisd.net|Special Ed|Special Ed|http://www.epsilen.com/msalinas37
1.0 : Richardson, Monique = Richardson, Monique|monique.richardson@cfisd.net|Special Ed|Special Ed|http://www.epsilen.com/mrichard28
1.0 : Schmitzer, Julianne = Schmitzer, Julianne|julianne.schmitzer@cfisd.net|Special Ed|Special Ed|http://www.epsilen.com/jschmitz11
1.0 : Vander Hey, Ashley = Vander Hey, Ashley|ashley.vanderhey@cfisd.net|Special Ed|Special Ed|http://www.epsilen.com/avanderh
1.0 : Mayer, Lulu = Mayer, Lulu|LUPITA.MAYER@cfisd.net|Special Ed|Special Ed|http://www.epsilen.com/lupitamayer
1.0 : Gunter, Alicia = Gunter, Alicia|alicia.gunter@cfisd.net|Special Ed|Special Ed|http://www.epsilen.com/aliciagunte
1.0 : Baron, Chad = Baron, Chad|chad.baron@cfisd.net|Special Ed|Special Ed|http://www.epsilen.com/chadbaron
1.0 : Fox, Thomas = Fox, Thomas|thomas.fox@cfisd.net|Special Ed|Special Ed|http://www.epsilen.com/thomasfox
1.0 : Voelkel, Lance = Voelkel, Lance|lance.voelkel@cfisd.net|Special Ed|Special Ed|http://www.epsilen.com/lancevoelke
1.0 : Johnson, David = Johnson, David|david.johnson@cfisd.net|Career & Tech|Career|http://www.cywoodsauto.com/
1.0 : Billimek, Karen = Billimek, Karen|karen.billimek@cfisd.net|Career & Tech|Career|http://www.epsilen.com/karenbillim
1.0 : Whinery, Sue = Whinery, Sue|sue.whinery@cfisd.net|Career & Tech|Career|http://www.epsilen.com/suewhinery
1.0 : Dailey, Maggie = Dailey, Maggie|margaret.dailey@cfisd.net|Career & Tech|Career|http://www.epsilen.com/margaretdai
1.0 : Thayer, Stacey = Thayer, Stacey|stacey.thayer@cfisd.net|Career & Tech|Career|http://www.epsilen.com/staceythaye
1.0 : Hunt, Tami = Hunt, Tami|tami.hunt@cfisd.net|Career & Tech|Career|http://www.epsilen.com/tamihunt
1.0 : Berry, David = Berry, David|david.berry@cfisd.net|Career & Tech|Tech|http://www.epsilen.com/davidberry
1.0 : Bennett, Mike = Bennett, Mike|donald.bennett@cfisd.net|Career & Tech|Tech|http://www.epsilen.com/donaldbenne
1.0 : Allbritton, John = Allbritton, John|john.allbritton@cfisd.net|Career & Tech|AG|http://www.epsilen.com/johnallbrit
1.0 : Casillas, Cinjin = Casillas, Cinjin|cinjin.casillas@cfisd.net|Performing Arts|Band|http://www.epsilen.com/ccasilla10
1.0 : Wood, Kevin = Wood, Kevin|kevin.wood@cfisd.net|Performing Arts|Band|http://www.epsilen.com/kevinwood
1.0 : Lusk, Henrietta = Lusk, Henrietta|henrietta.lusk@cfisd.net|Performing Arts|Choir|http://www.epsilen.com/hlusk
1.0 : Womack, Jason = Womack, Jason|jason.womack@cfisd.net|Performing Arts|Choir|http://www.epsilen.com/jasonwomack
1.0 : Hermann, Jennifer = Hermann, Jennifer|jennifer.hermann@cfisd.net|Performing Arts|Orchestra|http://www.epsilen.com/jenniferher4
1.0 : Campion, Victoria = Campion, Victoria|victoria.campion@cfisd.net|Performing Arts|Orchestra|http://www.epsilen.com/victoriacam
1.0 : Burttschell, Ashtyn = Burttschell, Ashtyn|ashtyn.burttschell@cfisd.net|Performing Arts|Dance|http://www.epsilen.com/aburttsc1
1.0 : Reilly, Lauren = Reilly, Lauren|lauren.reilly@cfisd.net|Performing Arts|Dance|http://www.epsilen.com/lreilly2
1.0 : Clark, Brenda = Clark, Brenda|brenda.clark@cfisd.net|Visual Arts|Professional Communication|http://www.epsilen.com/brendaclark
1.0 : Drake, Toby = Drake, Toby|toby.drake@cfisd.net|Visual Arts|Theater|http://www.epsilen.com/tdrake6
1.0 : Paysse, Abigail = Paysse, Abigail|abigail.paysse@cfisd.net|Visual Arts|Journalism|http://www.epsilen.com/abigailpays
1.0 : Fox, Tina = Fox, Tina|tina.fox@cfisd.net|Visual Arts|Photo|http://www.epsilen.com/tinafox
1.0 : Guevara, Juan = Guevara, Juan|juan.guevara@cfisd.net|Visual Arts|Photo|http://www.epsilen.com/jguevara19
1.0 : Lausell, Christian = Lausell, Christian|christian.lausell@cfisd.net|Visual Arts|Art|http://www.epsilen.com/christianla
1.0 : Stuart, Charlotte = Stuart, Charlotte|charlotte.stuart@cfisd.net|Visual Arts|Art|http://www.epsilen.com/charlottest
1.0 : Whitmore, James = Whitmore, James|james.whitmore@cfisd.net|Technology|Technology|http://www.epsilen.com/jameswhitmo
1.0 : Walker, Janice = Walker, Janice|janice.walker@cfisd.net|Technology|Technology|http://www.epsilen.com/janicewalke
1.0 : Nutt, Ryan = Nutt, Ryan|ryan.nutt@cfisd.net|Technology|Technology|http://www.epsilen.com/ryannutt
1.0 : Andrade, Lori = Andrade, Lori|lori.andrade@cfisd.net|Technology|Technology|http://www.epsilen.com/loriandrade
1.0 : Austin, Cathy = Austin, Cathy|cathy.austin@cfisd.net|Technology|Technology|http://www.epsilen.com/cathyaustin
1.0 : Armstrong, Stacey = Armstrong, Stacey|stacey.armstrong@cfisd.net|Technology|Technology|http://www.epsilen.com/staceyarmst
1.0 : Romanelli, Marcus = Romanelli, Marcus|marcus.romanelli@cfisd.net|PE & Health|Health|http://www.epsilen.com/marcusroman
1.0 : Zarate, Greg = Zarate, Greg|gregory.zarate@cfisd.net|PE & Health|Health|http://www.epsilen.com/gregoryzara
1.0 : Crumedy, Andre = Crumedy, Andre|andre.crumedy@cfisd.net|PE & Health|Health|http://www.epsilen.com/acrumedy
1.0 : Zachos, Mike = Zachos, Mike|michael.zachos@cfisd.net|PE & Health|Health|http://www.epsilen.com/MyPortal/Public/Home.aspx?http://www.epsilen.com/michaelzach
1.0 : Draudt, Chris = Draudt, Chris|michael.draudt@cfisd.net|PE & Health|Physical Education|http://www.epsilen.com/michaeldrau
1.0 : Ahlfinger, Ashley = Ahlfinger, Ashley|ashley.ahlfinger@cfisd.net|PE & Health|Physical Education|http://www.epsilen.com/ashleyahlfi
1.0 : Neill, Curtis = Neill, Curtis|curtis.neill@cfisd.net|PE & Health|Physical Education|http://www.epsilen.com/curtisneill
1.0 : Tolkov, Sonia = Tolkov, Sonia|sonia.tolkov@cfisd.net|Foreign Language|Spanish|http://www.epsilen.com/stolkov
1.0 : Weeks, Jennifer = Weeks, Jennifer|jennifer.weeks@cfisd.net|Math|Geometry|http://www.epsilen.com/jenniferwee1
1.0 : Martinez, Ramona = Martinez, Ramona|ramona.martinez@cfisd.net|Foreign Language|Spanish|http://www.epsilen.com/rmartine34
1.0 : Ruiz, Aimee = Ruiz, Aimee|aimee.ruiz@cfisd.net|Foreign Language|Spanish|http://www.epsilen.com/aimeeruiz
1.0 : Perez, Ileana = Perez, Ileana|ileana.perez2@cfisd.net|Foreign Language|Spanish|http://www.epsilen.com/iperez243
1.0 : Alvarez, Bertha = Alvarez, Bertha|bertha.alvarez@cfisd.net|Foreign Language|Spanish|http://www.epsilen.com/balvarez16
1.0 : Praget, Martha = Praget, Martha|martha.praget@cfisd.net|Foreign Language|Spanish|http://www.epsilen.com/marthaprage
1.0 : Harvey, Penny = Harvey, Penny|penny.harvey@cfisd.net|Foreign Language|Foreign Language|http://www.epsilen.com/pharvey15
1.0 : Johns, Barbara = Johns, Barbara|barbara.johns@cfisd.net|Foreign Language|Foreign Language|http://www.epsilen.com/barbarajohn2
1.0 : Bryant, Edward = Bryant, Edward|edward.bryant@cfisd.net|ROTC|ROTC|http://www.epsilen.com/edwardbryan
1.0 : Ewing, Wanda = Ewing, Wanda|wanda.ewing@cfisd.net|ROTC|ROTC|http://www.epsilen.com/wandaewing
1.0 : Romanelli, Crystal = Romanelli, Crystal|crystal.romanelli@cfisd.net|Science|Electives|http://www.epsilen.com/cromanel
1.0 : Ferrer, Lalaine = Ferrer, Lalaine|lalaine.ferrer@cfisd.net|Science|Electives|http://www.epsilen.com/lalaineferr
1.0 : Felchak, Cristina = Felchak, Cristina|cristina.felchak@cfisd.net|Science|Electives|http://www.epsilen.com/cristinafel
1.0 : Lauver, Aaron = Lauver, Aaron|aaron.lauver@cfisd.net|Science|Physics|http://www.epsilen.com/alauver
1.0 : Hannah, Stacy = Hannah, Stacy|stacy.hannah@cfisd.net|Math|Geometry|http://www.epsilen.com/shannah2
1.0 : Kraemer, Timothy = Kraemer, Timothy|timothy.kraemer@cfisd.net|Science|Physics|http://www.epsilen.com/timothykrae
1.0 : Draudt, Elaine = Draudt, Elaine|elaine.draudt@cfisd.net|Science|Physics|http://www.epsilen.com/elainedanna
1.0 : Amadio, David = Amadio, David|david.amadio@cfisd.net|Science|Physics|http://www.epsilen.com/davidamadio
1.0 : Grumulaitis, Leonas = Grumulaitis, Leonas|leonas.grumulaitis@cfisd.net|Science|Physics|http://www.epsilen.com/lgrumula
1.0 : Bartz, Jay = Bartz, Jay|jay.bartz@cfisd.net|Science|Biology|http://www.epsilen.com/jaybartz
1.0 : Chaya, Bob = Chaya, Bob|robert.chaya@cfisd.net|Science|Physics|http://www.epsilen.com/robertchaya
1.0 : Johnson, Esther = Johnson, Esther|esther.johnson@cfisd.net|Science|Physics|http://www.epsilen.com/ejohnson95
1.0 : Tillman, Carrie = Tillman, Carrie|carrie.tillman@cfisd.net|Science|Chemistry|http://www.epsilen.com/carrietillm
1.0 : Wilson, Mary = Wilson, Mary|mary.wilson@cfisd.net|Science|Chemistry|http://www.epsilen.com/mwilson309
1.0 : Shadoan, Shannon = Shadoan, Shannon|shannon.shadoan@cfisd.net|Science|Chemistry|http://www.epsilen.com/sgshadoan
1.0 : Hall, Ryan = Hall, Ryan|ryan.hall@cfisd.net|Science|Chemistry|http://www.epsilen.com/ryanhall
1.0 : Salinas, Irma = Salinas, Irma|irma.salinas@cfisd.net|Science|Chemistry|http://www.epsilen.com/irmasalinas
1.0 : Turnbow, Jennifer = Turnbow, Jennifer|jennifer.turnbow@cfisd.net|Science|Chemistry|http://www.epsilen.com/jennifertur2
1.0 : Carson, Caitlin = Carson, Caitlin|caitlin.carson@cfisd.net|Science|Biology|http://www.epsilen.com/ccarson25
1.0 : Rosenbaum, Lindsey = Rosenbaum, Lindsey|lindsey.rosenbaum@cfisd.net|Math|Algebra I|http://www.epsilen.com/lindseyrose
1.0 : Thornton, Mary = Thornton, Mary|mary2.thornton@cfisd.net|Science|Biology|http://www.epsilen.com/mary2thornt
1.0 : Cantu, Analisa = Cantu, Analisa|analisa.cantu@cfisd.net|Science|Biology|http://www.epsilen.com/analisacant
1.0 : Olson, Elizabeth = Olson, Elizabeth|elizabeth.olson@cfisd.net|Science|Biology|http://www.epsilen.com/elizabethol
1.0 : Taylor, Amy = Taylor, Amy|amy.taylor@cfisd.net|Science|Biology|http://www.epsilen.com/ataylor92
1.0 : Edwards, Stephen = Edwards, Stephen|stephen.edwards@cfisd.net|Science|Biology|http://www.epsilen.com/stephenedwa
1.0 : Forness, Melanie = Forness, Melanie|melanie.forness@cfisd.net|Math|Pre/Calculus, College Algebra|http://www.epsilen.com/mfurnia
1.0 : Sanchez, Anita = Sanchez, Anita|anita.sanchez@cfisd.net|Math|Pre/Calculus, College Algebra|http://www.epsilen.com/anitasanche
1.0 : Chang, Ti = Chang, Ti|TUONGTRANG.CHANG@cfisd.net|Math|Pre/Calculus, College Algebra|http://www.epsilen.com/tuongtrangc
1.0 : Wong, John = Wong, John|chi.wong@cfisd.net|Math|Pre/Calculus, College Algebra|http://www.epsilen.com/chiwong
1.0 : Bourgeois, Deborah = Bourgeois, Deborah|deborah2.bourgeois@cfisd.net|Math|Pre/Calculus, College Algebra|http://www.epsilen.com/deborah2bou
1.0 : Lane, Kade = Lane, Kade|kade.lane@cfisd.net|Math|Pre/Calculus, College Algebra|http://www.epsilen.com/kadelane
1.0 : Hughes, Ashley = Hughes, Ashley|ashley.hughes@cfisd.net|Math|Pre/Calculus, College Algebra|http://www.epsilen.com/ashleyhubbl
1.0 : Rivard, Rebecca = Rivard, Rebecca|rebecca.rivard@cfisd.net|Math|Pre/Calculus, College Algebra|http://www.epsilen.com/rebeccariva
1.0 : Stone, Lisa = Stone, Lisa|lisa.stone@cfisd.net|Math|Algebra II|http://www.epsilen.com/lisastone
1.0 : Gorman, Ann Marie = Gorman, Ann|annmarie.gorman@cfisd.net|Math|Algebra II|http://www.epsilen.com/annmariegor
1.0 : Laskowski, Eugenia = Laskowski, Eugenia|eugenia.laskowski@cfisd.net|Math|Algebra I|http://www.epsilen.com/eugenialask
1.0 : Browning, Rita = Browning, Rita|rita.browning@cfisd.net|Math|Algebra II|http://www.epsilen.com/ritabrownin
1.0 : Hunt, Brittany = Hunt, Brittany|brittany.hunt@cfisd.net|Math|Algebra II|http://www.epsilen.com/bhunt20
1.0 : Trocquet, Amy = Trocquet, Amy|amy.trocquet@cfisd.net|Math|Algebra II|http://www.epsilen.com/amytrocquet
1.0 : Owens, Joe = Owens, Joe|joe.owens@cfisd.net|Math|Geometry|http://www.epsilen.com/joeowens
1.0 : Cameron, Laura = Cameron, Laura|laura.cameron@cfisd.net|Math|Geometry|http://www.epsilen.com/lcameron7
1.0 : Prieto, Kellie = Prieto, Kellie|kellie.prieto@cfisd.net|Math|Geometry|http://www.epsilen.com/kprieto3
1.0 : Carter, Catherine = Carter, Catherine|catherine.carter@cfisd.net|Math|Algebra I|http://www.epsilen.com/catherineca1
1.0 : Vance, James = Vance, James|thomas.vance@cfisd.net|Social Studies|Government/Economics|http://www.epsilen.com/thomasvance
1.0 : White, Mike = White, Mike|michael.white@cfisd.net|Social Studies|Government/Economics|http://www.epsilen.com/michaelwhit6
1.0 : Schroller, Wesley = Schroller, Wesley|wesley.schroller@cfisd.net|Social Studies|Government/Economics|http://www.epsilen.com/wesleyschro
1.0 : Tate, Emily = Tate, Emily|emily.tate@cfisd.net|Social Studies|Government/Economics|http://www.epsilen.com/emilyrowan
1.0 : Bell, Beverly = Bell, Beverly|beverly.bell@cfisd.net|English|English IV|http://www.epsilen.com/bbell25
1.0 : Porter, Jason = Porter, Jason|jason.porter@cfisd.net|Social Studies|Government/Economics|http://www.epsilen.com/jasonporter
1.0 : Collins, Lynda = Collins, Lynda|lynda.collins@cfisd.net|Social Studies|Government/Economics|http://www.epsilen.com/lyndacollin
1.0 : Stephanow, Leah = Stephanow, Leah|leah.stephanow@cfisd.net|Social Studies|Government/Economics|http://www.epsilen.com/leahstephan
1.0 : Self, Craig = Self, Craig|craig.self@cfisd.net|Social Studies|US History|http://www.epsilen.com/craigself
1.0 : Rogers, Diana = Rogers, Diana|diana.rogers@cfisd.net|Social Studies|US History|http://www.epsilen.com/dianarogers
1.0 : Loria, Thomas = Loria, Thomas|thomas.loria@cfisd.net|Social Studies|US History|http://www.epsilen.com/thomasloria
1.0 : Wittschen, Kevin = Wittschen, Kevin|kevin.wittschen@cfisd.net|Social Studies|US History|http://www.epsilen.com/kwittsch
1.0 : Wilson, Mike = Wilson, Mike|michael.wilson@cfisd.net|Social Studies|US History|http://cwush.wikispaces.com/
1.0 : Villamagna, George = Villamagna, George|george.villamagna@cfisd.net|Social Studies|US History|http://www.villamagna.wikispaces.com/
1.0 : Flores, Virginia = Flores, Virginia|virginia.flores@cfisd.net|English|English IV|http://www.epsilen.com/virginiaflo
1.0 : Lokey, Katrese = Lokey, Katrese|katrese.lokey@cfisd.net|Social Studies|World History|http://www.epsilen.com/klokey1
1.0 : Abercrombie, Kathleen = Abercrombie, Kathleen|kathleen.abercrombie@cfisd.net|Social Studies|World History|http://www.epsilen.com/kathleenabe1
1.0 : Schlarmann, Eric = Schlarmann, Eric|eric.schlarmann@cfisd.net|Social Studies|World History|http://www.epsilen.com/ericschlarm
1.0 : Jones, Sarah = Jones, Sarah|sarah.jones@cfisd.net|Social Studies|World History|http://www.epsilen.com/sjones239
1.0 : Gillihan, Amanda = Gillihan, Amanda|amanda.gillihan@cfisd.net|Social Studies|World History|http://www.epsilen.com/agilliha
1.0 : Onhaizer, Kelly = Onhaizer, Kelly|kelly.onhaizer@cfisd.net|Social Studies|World History|http://www.epsilen.com/kellyonhaiz
1.0 : Bricarell, Brandon = Bricarell, Brandon|brandon.bricarell@cfisd.net|Social Studies|World Geography|http://www.epsilen.com/bbricare
1.0 : Elizarde, Jesse = Elizarde, Jesse|jesse.elizarde@cfisd.net|Social Studies|World Geography|http://www.epsilen.com/jelizard2
1.0 : Turnbow, Chris = Turnbow, Chris|christopher.turnbow@cfisd.net|Social Studies|World Geography|http://www.epsilen.com/christopher243
1.0 : Sandefur, Rusty = Sandefur, Rusty|james.sandefur@cfisd.net|Social Studies|World Geography|http://cwhg.wikispaces.com/
1.0 : Nelson, Laurie = Nelson, Laurie|leslye.nelson@cfisd.net|English|English IV|http://www.epsilen.com/lnelson35
1.0 : Kolkhorst, Todd = Kolkhorst, Todd|todd.kolkhorst@cfisd.net|Social Studies|World Geography|http://www.epsilen.com/tkolkhor
1.0 : Kent, John = Kent, John|john.kent@cfisd.net|Social Studies|World Geography|http://www.epsilen.com/johnkent1
1.0 : Nichols, Justin = Nichols, Justin|justin.nichols@cfisd.net|Social Studies|World Geography|http://www.epsilen.com/justinnicho1
1.0 : Self, Nikki = Self, Nikki|nikki.self@cfisd.net|English|PACE/Reading/PLATO|http://www.epsilen.com/nikkiself
1.0 : Martin, Heath = Martin, Heath|canita.lee@cfisd.net|English|PACE/Reading/PLATO|http://www.epsilen.com/christonmar
1.0 : Dodd, Jill = Dodd, Jill|donna.dodd@cfisd.net|English|PACE/Reading/PLATO|http://www.epsilen.com/donnadodd
1.0 : Grigsby, Courtnie = Grigsby, Courtnie|courtnie.grigsby@cfisd.net|English|PACE/Reading/PLATO|http://www.epsilen.com/courtniegri
1.0 : Comeaux, Michele = Comeaux, Michele|michele.comeaux@cfisd.net|English|PACE/Reading/PLATO|http://www.epsilen.com/michelecome
1.0 : England, Stephanie = England, Stephanie|stephanie.england@cfisd.net|English|PACE/Reading/PLATO|http://www.epsilen.com/stephanieen
1.0 : Watkins, Alana = Watkins, Alana|alana.watkins@cfisd.net|English|English IV|http://www.epsilen.com/alanawatkin
1.0 : Sempe, Jennifer = Sempe, Jennifer|jennifer.sempe@cfisd.net|English|English IV|http://www.epsilen.com/jgriswol
1.0 : Schlarmann, Elizabeth = Schlarmann, Elizabeth|elizabeth.schlarmann@cfisd.net|English|English IV|http://www.epsilen.com/elizabethsc4
1.0 : Decman, Jordan = Decman, Jordan|jordan.decman@cfisd.net|English|English III|http://www.epsilen.com/jdecman1
1.0 : King, Tina = King, Tina|tina.king@cfisd.net|English|English III|http://www.epsilen.com/tinaking
1.0 : Hall, Lorrie = Hall, Lorrie|lorrie.hall@cfisd.net|English|English III|http://www.epsilen.com/lorriehall
1.0 : Lancaster, Kimberly = Lancaster, Kimberly|kimberly.lancaster@cfisd.net|English|English III|http://www.epsilen.com/klancast2
1.0 : Fleming-Jones, Karla = Fleming-Jones, Karla|karla.fleming-jones@cfisd.net|English|English III|http://www.epsilen.com/karlaflemin
1.0 : Getman, Nancy = Getman, Nancy|nancy.getman@cfisd.net|English|English II|http://www.epsilen.com/ngetman
1.0 : Toliver, Amy = Toliver, Amy|amy.toliver@cfisd.net|English|English II|http://www.epsilen.com/atoliver3
1.0 : Hill, Nancy = Hill, Nancy|nancy.hill@cfisd.net|English|English II|http://www.epsilen.com/nancyhill2
1.0 : Beckford, Sophronia = Beckford, Sophronia|sophronia.beckford@cfisd.net|English|English II|http://www.epsilen.com/sbeckfor
1.0 : Hill, Rochelle = Hill, Rochelle|rochelle.hill@cfisd.net|English|English II|http://www.epsilen.com/rhill20
1.0 : Streb, Jonathan = Streb, Jonathan|jonathan.streb@cfisd.net|English|English I|http://www.epsilen.com/jstreb
1.0 : Leonard, Stacy = Leonard, Stacy|stacy.leonard@cfisd.net|English|English I|http://www.epsilen.com/stacyleonar
1.0 : Ishmael, Brittany = Ishmael, Brittany|brittany.ishmael@cfisd.net|English|English I|http://www.epsilen.com/bishmael1
1.0 : Phillips, Mitzi = Phillips, Mitzi|mitzi.phillips@cfisd.net|English|English I|http://www.epsilen.com/mitziphilli
1.0 : Underwood, Traci = Underwood, Traci|traci.underwood@cfisd.net|English|English I|http://www.epsilen.com/traciunderw
0.9285714285714286 : Marsh, MaryBeth = Marsh, Marybeth|marybeth.marsh@cfisd.net|Career & Tech|Career|http://www.epsilen.com/marybethmar
0.9 : Bond, Clif = Bond, Cliff|clifton.bond@cfisd.net|Technology|Technology|http://www.epsilen.com/cliftonbond
0.8666666666666667 : Parisher, Roddy = Parisher, Rodney|rodney.parisher@cfisd.net|Career & Tech|AG|http://www.epsilen.com/rodneyparis
0.8461538461538461 : English, Debbie = English, Debra|debra.english@cfisd.net|English|English II|http://www.epsilen.com/denglish8
0.8 : Vasquez, Mickey = Vasquez, Michael|michael.vasquez@cfisd.net|Performing Arts|Band|http://www.epsilen.com/michaelvasq
0.8 : Tannous, Candy = Tannous, Candace|candace.tannous@cfisd.net|English|English III|http://www.epsilen.com/candacetann
0.8 : Chumley, Doug = Chumley, Douglas|douglas.chumley@cfisd.net|English|English I|http://www.epsilen.com/dchumley3
0.7857142857142857 : Puckett, Pam = Puckett, Pamela|pamela.puckett@cfisd.net|Math|Pre/Calculus, College Algebra|http://www.epsilen.com/pamelapucke
0.7692307692307693 : Day, Nathan = Day, Nathaniel|nathaniel.day@cfisd.net|PE & Health|Health|http://www.epsilen.com/MyPortal/Private/Master/Index.aspx?HD=t8f7yhcDdxQ=&UD=+uTtBfnInNI=&WD=4MUhihj
0.7647058823529411 : Whitson, Katie = Whitson, Katherine|katherine.whitson@cfisd.net|Foreign Language|Spanish|http://www.epsilen.com/kwhitson1
0.7333333333333333 : Estelle, Tim = Estelle, Timothy|timothy.estelle@cfisd.net|Visual Arts|Theater|http://www.epsilen.com/timothyeste
0.7333333333333333 : Pease, Chris = Pease, Christian|christian.pease@cfisd.net|Special Ed|Special Ed|http://www.epsilen.com/cpease4
0.6923076923076923 : Farzian, Alyssa = Farzian, Kerry|kerry.farzian@cfisd.net|Career & Tech|Career|http://www.epsilen.com/kfarzian
0.6923076923076923 : Divin, Barbara = Johns, Barbara|barbara.johns@cfisd.net|Foreign Language|Foreign Language|http://www.epsilen.com/barbarajohn2
0.6666666666666666 : Forcha, Chris = Forcha, Christopher|christopher.forcha@cfisd.net|Math|Algebra II|http://www.epsilen.com/cforcha1
0.6666666666666666 : Jenkins, Courtney = Owens, Joe|joe.owens@cfisd.net|Math|Geometry|http://www.epsilen.com/joeowens
